ID,y
1,-4928791719354.246
2,22661042761819.703
3,108.51953125
4,77.62890625
5,110.078125
8,91.03125
10,111.34765625
11,93.046875
12,117.0390625
14,91.1796875
15,117.0390625
16,107.0
17,101.5703125
19,95.8125
20,106.15625
21,100.453125
22,118.6640625
23,101.5703125
26,93.828125
28,100.13671875
29,101.5703125
33,101.5703125
35,95.53515625
41,101.5703125
42,93.38671875
43,118.9765625
45,106.5390625
46,104.36328125
51,93.765625
53,91.78515625
55,111.87109375
56,94.26953125
57,108.09765625
58,94.19921875
59,105.2578125
63,110.0703125
64,97.5625
65,105.72265625
69,94.38671875
71,96.90234375
72,105.47265625
73,94.09375
76,104.9453125
77,112.58203125
78,116.140625
82,95.21875
83,105.72265625
84,95.26953125
85,102.453125
87,110.62890625
88,101.5703125
89,111.64453125
91,94.3046875
93,91.52734375
94,108.59375
95,94.828125
96,112.08984375
97,92.15625
98,109.69140625
99,93.6796875
101,104.67578125
103,111.64453125
104,91.44140625
105,108.98828125
110,95.59375
111,111.37890625
113,111.671875
114,92.83984375
115,112.82421875
117,111.64453125
120,91.02734375
121,114.13671875
122,91.515625
123,110.953125
126,114.1796875
132,112.32421875
135,102.2421875
137,109.109375
138,95.7421875
140,94.26953125
142,106.87109375
144,112.7109375
148,89.2578125
149,111.234375
155,94.80859375
156,111.6640625
157,92.15625
162,112.16015625
163,109.21875
167,89.5390625
172,118.9765625
179,112.09375
180,92.140625
181,111.06640625
182,95.34375
183,111.64453125
185,111.64453125
187,111.171875
188,95.21875
189,94.98046875
191,91.859375
192,116.453125
193,95.109375
194,113.19921875
195,90.32421875
196,111.98046875
198,100.234375
199,113.3515625
201,104.96875
204,96.4296875
205,107.0
206,92.66015625
210,94.41015625
211,104.67578125
216,112.48046875
219,117.0390625
220,95.87890625
221,111.06640625
226,111.06640625
227,92.1484375
228,111.5390625
230,110.56640625
231,92.15625
235,118.6640625
236,92.57421875
238,110.62890625
242,107.3125
243,94.3046875
244,79.92578125
245,109.33203125
247,111.140625
248,91.60546875
249,92.703125
250,112.3046875
251,92.57421875
253,118.6640625
254,93.73828125
256,95.87109375
257,92.2109375
258,112.80078125
259,93.6796875
262,82.58984375
266,93.55078125
267,110.484375
272,103.234375
273,111.64453125
275,94.37109375
276,118.95703125
279,95.7265625
280,105.72265625
283,90.99609375
285,111.5390625
288,111.64453125
289,97.4453125
290,104.96875
291,95.1171875
292,108.84765625
293,107.0859375
296,95.30859375
297,111.7890625
298,116.140625
299,95.21875
304,91.25
305,-54778162694125.516
306,94.41015625
307,111.06640625
311,119.1015625
313,111.06640625
314,91.83984375
316,101.546875
324,93.203125
327,94.328125
329,91.59375
330,113.19921875
337,104.26953125
338,95.453125
339,103.015625
340,96.8125
343,90.61328125
345,117.0390625
346,91.171875
347,110.765625
349,113.2265625
350,88.20703125
352,116.0546875
353,90.703125
354,77.02734375
357,94.55078125
358,109.29296875
362,112.20703125
364,119.515625
365,106.41015625
366,7346494663171.609
367,111.5078125
368,96.25390625
370,73.0234375
373,93.01171875
377,91.69140625
378,108.890625
382,104.9453125
384,111.5390625
390,95.390625
392,112.4375
393,-28557470542475.246
395,96.953125
396,105.1015625
399,83.4453125
406,111.06640625
408,111.06640625
409,90.3046875
410,78.18359375
412,110.62109375
413,91.640625
419,94.390625
420,109.5859375
421,91.03125
430,103.51953125
434,94.3828125
436,95.44140625
437,94.26953125
438,90.9765625
439,111.31640625
440,93.42578125
443,112.0859375
446,95.3671875
448,94.65625
452,94.7421875
453,108.75
457,104.65625
458,94.5234375
459,116.59375
460,103.36328125
462,107.6953125
464,102.9921875
465,117.0390625
467,115.8359375
471,110.96484375
472,79.19140625
473,102.55859375
475,96.58203125
480,95.73046875
488,107.1171875
490,111.06640625
491,101.73828125
492,78.14453125
493,94.56640625
497,89.4375
498,112.0078125
499,94.78515625
500,104.43359375
501,94.5234375
502,109.046875
506,95.97265625
510,105.625
511,90.140625
512,91.59375
516,90.578125
518,93.890625
519,110.4765625
521,89.328125
522,111.546875
526,111.515625
529,95.1875
532,110.828125
533,95.40625
536,112.07421875
537,97.87890625
539,95.125
540,104.67578125
541,96.45703125
543,94.98046875
546,111.94921875
547,92.91796875
548,81.53515625
551,92.30078125
552,103.58203125
556,111.6171875
557,97.171875
558,111.5078125
559,95.859375
560,107.5234375
562,107.0
566,95.97265625
570,112.0078125
571,94.26953125
572,105.72265625
573,95.21875
575,117.0390625
576,108.18359375
577,90.94921875
579,90.1875
580,111.41015625
581,112.32421875
589,111.06640625
591,104.54296875
593,95.48046875
594,110.1875
595,94.8515625
598,92.30078125
602,111.20703125
604,113.3515625
606,111.26953125
608,7346494663170.484
609,104.67578125
610,93.765625
616,108.140625
617,96.265625
618,105.95703125
620,106.1640625
622,113.0
623,91.78515625
624,86407984696010.7
626,110.015625
628,111.703125
629,93.875
630,110.56640625
637,97.72265625
638,104.9921875
643,99.45703125
645,95.73046875
646,118.14453125
648,98.18359375
652,95.97265625
653,94.26953125
654,112.0078125
656,112.9375
657,92.09375
659,98.96484375
660,107.1640625
663,91.3984375
664,111.87109375
666,107.38671875
668,109.5390625
669,91.60546875
671,-112521713227.26562
675,91.953125
677,92.57421875
678,109.33203125
679,106.26953125
682,97.875
685,106.875
687,95.9921875
688,91.3359375
693,111.5859375
696,94.328125
698,94.03125
701,99.3671875
704,107.875
705,116.9140625
709,113.86328125
710,96.1640625
711,109.59765625
712,95.22265625
714,108.328125
715,92.26953125
716,111.06640625
717,95.87890625
720,117.0390625
721,91.859375
724,106.453125
725,95.7421875
726,110.10546875
728,111.5078125
731,90.96484375
734,106.6796875
738,95.24609375
745,109.99609375
746,91.59375
751,78.89453125
754,91.36328125
756,92.06640625
758,94.32421875
759,110.14453125
761,118.6640625
766,95.078125
767,111.69921875
768,91.78515625
769,111.765625
770,96.3828125
771,78.14453125
772,103.8984375
773,92.30078125
774,112.0078125
776,111.5390625
777,93.57421875
780,118.9765625
782,104.67578125
787,105.88671875
788,95.125
792,91.78515625
793,111.49609375
798,94.4453125
800,90.0703125
806,111.06640625
809,112.1015625
811,111.9453125
812,91.609375
814,117.0390625
816,104.91015625
817,96.171875
818,117.70703125
820,110.25
823,94.5234375
829,90.34375
830,111.30859375
831,89.8515625
834,110.828125
839,95.8203125
841,75.87109375
844,104.23046875
845,93.765625
848,91.25
850,95.796875
851,103.36328125
852,97.36328125
854,93.6875
855,96.06640625
856,107.63671875
859,102.31640625
861,112.0078125
864,94.8359375
865,112.0078125
866,90.99609375
867,90.18359375
869,94.59765625
871,88.7109375
872,111.06640625
882,106.74609375
883,94.3828125
885,96.44140625
888,94.328125
893,110.03515625
901,109.33203125
903,101.73828125
904,93.87109375
905,103.5546875
910,95.73046875
911,106.0546875
914,112.07421875
918,114.82421875
921,91.640625
928,96.98828125
929,103.9609375
932,92.26953125
933,112.05859375
934,95.73046875
935,111.921875
937,81.015625
939,95.21875
940,99.09375
941,95.75390625
942,106.91796875
943,95.453125
944,102.58203125
947,111.06640625
949,111.015625
951,110.21484375
952,95.8671875
953,101.73828125
954,82.33203125
957,111.5859375
959,92.96484375
960,119.17578125
963,117.0390625
965,111.06640625
967,107.49609375
971,96.69921875
972,78.47265625
973,95.921875
974,111.2578125
975,93.4921875
978,126.32421875
980,117.9453125
981,94.953125
984,112.07421875
986,95.73046875
988,91.78515625
989,111.53125
990,106.26171875
992,109.33203125
996,94.26953125
999,111.03515625
1000,88.75390625
1001,112.0078125
1002,91.640625
1003,111.5390625
1004,91.375
1008,109.63671875
1009,95.53515625
1010,107.74609375
1012,118.21484375
1013,87.80078125
1014,112.12890625
1015,89.828125
1016,117.0390625
1019,92.265625
1020,112.265625
1021,95.73046875
1022,107.125
1024,95.73046875
1025,71.19140625
1027,94.59765625
1028,13831947576082.734
1029,92.15625
1030,89.1484375
1033,113.0078125
1036,90.6328125
1037,108.61328125
1038,91.7578125
1042,95.21875
1043,104.9140625
1044,92.59375
1045,112.359375
1047,116.59375
1050,94.98046875
1051,110.03515625
1054,94.5234375
1056,94.953125
1057,94.3828125
1059,94.4375
1062,99.46875
1063,105.08984375
1064,94.953125
1066,92.34765625
1070,107.15625
1076,111.421875
1077,96.9453125
1078,113.0703125
1080,109.95703125
1082,114.37890625
1083,94.328125
1089,107.66015625
1091,94.328125
1093,94.2578125
1097,95.828125
1099,89.15234375
1101,95.73046875
1103,92.37109375
1104,110.765625
1106,110.140625
1109,96.8125
1110,113.19921875
1111,93.0
1112,109.76171875
1114,93.765625
1116,96.12890625
1117,109.8984375
1120,90.57421875
1124,111.42578125
1125,92.64453125
1126,112.09765625
1134,110.2578125
1137,91.328125
1138,112.640625
1144,111.06640625
1145,94.8515625
1146,91.83984375
1148,93.4921875
1150,90.57421875
1152,104.23046875
1153,94.71875
1154,107.66015625
1155,95.21875
1157,93.4921875
1162,95.21875
1165,112.3203125
1166,94.80859375
1167,106.421875
1168,95.73046875
1169,102.31640625
1171,118.6640625
1172,97.171875
1173,102.31640625
1174,96.05078125
1176,97.91796875
1177,103.92578125
1178,94.55078125
1182,110.7578125
1186,95.73046875
1187,116.59375
1188,92.703125
1189,118.9765625
1191,107.796875
1192,95.21875
1197,112.74609375
1198,88.92578125
1200,78.47265625
1201,95.3671875
1203,97.26171875
1209,117.0390625
1214,102.0078125
1218,113.4921875
1222,92.96875
1226,100.8671875
1228,96.32421875
1230,88.66015625
1232,78.81640625
1233,-637902880555.2969
1236,116.59375
1238,95.1171875
1241,111.06640625
1244,100.578125
1246,92.96875
1247,117.359375
1250,109.89453125
1251,92.65234375
1254,114.82421875
1255,96.1171875
1256,111.04296875
1257,93.52734375
1258,91.41796875
1259,111.06640625
1260,96.23046875
1263,111.06640625
1267,78.625
1268,109.31640625
1271,95.21875
1272,110.03515625
1274,108.6875
1275,95.21875
1276,110.03515625
1277,92.0078125
1279,91.83984375
1281,94.93359375
1282,92.703125
1283,110.96484375
1285,111.51953125
1286,92.265625
1289,112.015625
1296,116.9921875
1299,90.57421875
1301,94.26953125
1306,90.60546875
1307,95.75390625
1308,91.0078125
1313,110.03515625
1314,96.625
1315,113.19921875
1316,91.578125
1317,110.03515625
1319,91.25
1323,94.69921875
1324,108.2578125
1325,96.18359375
1328,104.75390625
1329,94.59375
1330,112.0078125
1331,92.8046875
1332,103.83203125
1337,-8902552934878.902
1338,112.890625
1339,89.328125
1340,113.12109375
1343,111.640625
1347,96.875
1348,96.64453125
1349,107.1953125
1352,91.83984375
1354,96.06640625
1359,110.24609375
1360,94.69921875
1363,110.03515625
1364,94.328125
1365,107.3359375
1366,96.71484375
1372,96.234375
1375,107.84765625
1376,94.3828125
1378,85.31640625
1379,112.40234375
1380,95.73046875
1381,102.31640625
1384,116.84765625
1387,90.57421875
1388,111.6015625
1392,74.86328125
1394,100.5625
1395,96.4921875
1396,111.06640625
1398,95.53515625
1399,111.06640625
1400,90.3828125
1401,95.71484375
1403,96.97265625
1404,113.07421875
1406,111.06640625
1407,93.765625
1408,111.06640625
1410,78.625
1412,111.06640625
1413,95.3671875
1415,96.3125
1420,111.06640625
1422,113.4921875
1423,107.79296875
1424,111.06640625
1425,97.046875
1426,78.625
1427,97.26171875
1429,88.46484375
1430,110.546875
1431,96.06640625
1432,104.3125
1434,108.58203125
1437,95.125
1438,106.328125
1440,112.8125
1441,111.0078125
1442,94.55078125
1444,111.2734375
1445,96.3125
1446,104.67578125
1448,90.8203125
1453,92.08203125
1454,111.06640625
1455,95.21875
1456,116.5546875
1458,111.06640625
1459,91.7578125
1461,94.1015625
1465,90.57421875
1466,109.62890625
1469,94.69921875
1472,92.08203125
1474,93.828125
1477,111.2734375
1479,108.6796875
1482,88.44140625
1483,76.19921875
1487,94.59765625
1488,112.0078125
1490,111.06640625
1492,109.8046875
1494,118.9765625
1496,106.37890625
1497,96.1015625
1499,97.640625
1502,93.9296875
1507,116.3203125
1508,91.83984375
1509,108.6796875
1511,91.59375
1512,110.140625
1513,116.140625
1514,106.25
1518,111.31640625
1519,91.640625
1522,110.984375
1524,78.47265625
1527,94.55078125
1529,91.015625
1532,106.875
1536,110.94140625
1537,117.0390625
1539,107.0234375
1542,110.05078125
1543,94.3828125
1544,108.21875
1545,77.5
1550,94.3828125
1551,106.2890625
1554,107.0
1556,104.23046875
1559,93.52734375
1560,77.80859375
1562,96.3828125
1566,91.3125
1567,110.56640625
1569,108.40625
1570,109.76171875
1571,111.734375
1574,91.83984375
1578,104.67578125
1580,90.60546875
1583,109.25
1584,91.83984375
1585,111.203125
1586,91.56640625
1587,111.5390625
1588,91.640625
1590,114.75
1592,105.01171875
1596,112.25390625
1598,109.17578125
1599,93.765625
1604,113.43359375
1606,104.04296875
1607,95.3671875
1608,106.7890625
1609,118.6640625
1611,94.48828125
1613,95.7265625
1616,94.984375
1619,114.10546875
1620,93.4140625
1621,110.87890625
1622,93.875
1625,109.33203125
1627,118.6640625
1629,112.1015625
1634,93.86328125
1636,92.34765625
1638,106.65625
1639,96.4375
1641,97.26171875
1643,95.1171875
1644,104.2265625
1645,118.9765625
1646,93.22265625
1647,107.0
1648,95.421875
1652,90.60546875
1653,111.5390625
1656,95.15234375
1658,93.765625
1659,113.19921875
1661,96.7734375
1663,95.3671875
1664,110.94921875
1665,95.21875
1666,104.23046875
1667,105.1171875
1668,79.18359375
1669,106.8515625
1670,96.8984375
1672,111.6328125
1674,112.12890625
1677,112.0078125
1678,91.0546875
1679,112.65625
1680,89.11328125
1683,103.2734375
1686,103.48046875
1687,113.4921875
1689,111.5078125
1690,92.98046875
1691,117.0390625
1692,111.1328125
1693,91.83984375
1695,94.98046875
1696,92.08203125
1697,113.19921875
1700,104.23046875
1701,95.06640625
1702,111.8828125
1703,91.78515625
1704,113.0703125
1706,94.6640625
1707,112.07421875
1708,94.953125
1710,97.125
1711,102.58203125
1713,107.5
1717,102.08203125
1719,104.67578125
1720,93.0703125
1722,94.90234375
1725,104.69921875
1726,94.953125
1727,104.79296875
1729,111.890625
1730,90.60546875
1731,115.171875
1733,104.23046875
1734,94.90234375
1735,113.4921875
1738,95.7265625
1742,91.50390625
1745,112.12890625
1747,95.06640625
1749,95.75390625
1751,95.46875
1752,77.34765625
1753,106.3359375
1754,94.921875
1755,96.58203125
1756,102.37109375
1758,113.1171875
1759,95.21875
1760,104.96875
1761,113.828125
1762,92.7265625
1763,110.42578125
1764,89.28515625
1766,94.19921875
1768,96.51171875
1769,76.015625
1771,109.984375
1772,91.34375
1773,104.13671875
1774,90.30859375
1775,110.69921875
1777,110.8203125
1779,95.21875
1780,105.72265625
1787,91.78515625
1788,94.390625
1790,95.140625
1796,110.25390625
1801,91.0625
1803,95.421875
1807,112.00390625
1809,113.94140625
1812,94.1328125
1813,109.35546875
1814,95.18359375
1815,113.9609375
1816,93.1328125
1818,91.84765625
1820,91.5
1821,116.59375
1822,96.5625
1825,93.7265625
1826,102.30078125
1828,94.265625
1831,106.87109375
1836,117.75390625
1837,95.73828125
1841,93.828125
1844,105.51171875
1848,93.765625
1851,107.0234375
1852,94.328125
1853,90.7734375
1854,110.6328125
1856,93.609375
1859,113.94140625
1860,95.80078125
1861,78.14453125
1863,103.0546875
1865,95.75390625
1866,107.3359375
1867,94.77734375
1868,91.78515625
1872,96.19921875
1879,93.8515625
1880,102.453125
1882,95.94921875
1885,103.2734375
1887,104.98046875
1888,94.97265625
1890,115.9609375
1894,95.7265625
1895,104.54296875
1896,96.265625
1897,110.78515625
1900,110.51953125
1901,93.52734375
1902,113.65625
1905,89.62109375
1906,108.171875
1912,101.73828125
1915,95.734375
1916,107.15625
1917,94.66015625
1918,103.26953125
1920,77.62890625
1923,95.36328125
1924,105.41015625
1925,95.140625
1930,118.6640625
1932,111.06640625
1933,95.43359375
1934,110.43359375
1935,93.52734375
1940,78.625
1941,94.015625
1942,109.17578125
1943,92.4375
1944,89.41015625
1945,107.56640625
1948,117.0390625
1949,92.25
1952,93.31640625
1954,91.83984375
1955,111.06640625
1958,90.95703125
1959,78.83203125
1960,110.42578125
1963,96.125
1965,90.15625
1968,105.046875
1969,94.328125
1971,95.8125
1972,112.16015625
1973,90.828125
1975,91.03125
1977,90.1484375
1978,92.8828125
1979,110.515625
1981,91.3125
1982,112.30859375
1987,111.453125
1988,91.3125
1993,96.78515625
1997,93.890625
1999,95.453125
2001,95.7265625
2002,115.46875
2003,91.70703125
2004,77.59765625
2006,110.984375
2007,94.38671875
2009,106.15625
2010,94.90234375
2013,-4016560560522.715
2018,76.36328125
2022,107.3671875
2024,132.40234375
2025,96.3125
2026,108.0390625
2030,106.15625
2031,95.35546875
2032,101.73828125
2033,95.484375
2035,88.94140625
2036,109.515625
2037,90.0703125
2040,95.7265625
2043,115.58984375
2044,103.109375
2046,106.67578125
2054,107.1328125
2055,95.109375
2056,105.72265625
2059,92.7265625
2060,93.52734375
2062,87.80078125
2063,109.01953125
2066,95.7265625
2067,113.4921875
2072,92.75
2073,110.8984375
2074,97.078125
2075,112.64453125
2076,92.7734375
2080,90.640625
2082,93.52734375
2085,110.91796875
2087,110.8203125
2091,110.734375
2092,95.62109375
2093,105.72265625
2098,101.8046875
2101,110.42578125
2102,91.84765625
2103,78.625
2105,107.3359375
2106,95.21875
2107,113.31640625
2110,94.7421875
2114,92.1171875
2115,110.078125
2117,93.22265625
2118,94.96875
2119,105.06640625
2120,94.265625
2122,90.57421875
2123,110.06640625
2126,95.8125
2127,104.140625
2128,93.828125
2129,109.55078125
2132,99.421875
2135,104.64453125
2138,94.71875
2139,118.6640625
2141,107.55859375
2142,94.58984375
2146,96.04296875
2151,113.33203125
2157,105.1484375
2159,112.53515625
2162,95.21875
2164,117.0390625
2167,91.2109375
2168,109.3046875
2171,88.19921875
2173,95.8125
2174,106.74609375
2175,95.72265625
2178,94.09375
2180,95.7265625
2185,110.015625
2189,86.9609375
2190,113.4921875
2192,105.01171875
2194,113.96875
2200,115.04296875
2201,91.08203125
2203,111.890625
2204,91.70703125
2205,113.22265625
2209,118.58203125
2213,108.5546875
2214,93.9296875
2215,112.30078125
2216,91.08203125
2218,93.5
2219,105.734375
2220,94.69921875
2222,91.3125
2223,109.0390625
2225,111.5078125
2226,92.625
2230,95.9140625
2233,113.4921875
2234,112.34375
2235,91.70703125
2236,78.31640625
2237,95.1875
2240,115.6875
2241,92.828125
2248,107.3359375
2249,87.6171875
2250,109.5078125
2252,110.359375
2253,94.15625
2254,111.10546875
2256,77.52734375
2258,91.8359375
2259,109.16015625
2262,95.7265625
2265,95.125
2266,108.71875
2269,95.3984375
2271,97.91796875
2273,90.7734375
2274,110.9609375
2275,91.08203125
2277,96.1171875
2279,91.70703125
2280,78.31640625
2282,95.7265625
2283,105.95703125
2288,91.3125
2289,113.421875
2291,95.140625
2292,118.6640625
2297,95.73046875
2298,102.86328125
2299,94.7109375
2300,113.703125
2301,91.125
2304,95.109375
2305,107.64453125
2306,95.7265625
2308,92.7734375
2309,111.421875
2311,-9358961626480.934
2312,106.1015625
2316,104.3125
2321,102.58203125
2322,108.58203125
2325,107.66015625
2326,95.40625
2329,118.6640625
2330,96.1171875
2331,102.55078125
2332,113.4921875
2333,95.7265625
2334,106.37109375
2335,111.04296875
2337,113.15234375
2338,85.46875
2340,113.4921875
2342,95.83984375
2345,94.44140625
2349,97.6484375
2351,77.49609375
2352,94.265625
2354,111.06640625
2355,116.09765625
2357,111.5078125
2358,96.12890625
2360,95.37890625
2361,111.06640625
2364,94.55078125
2366,96.90234375
2369,102.19921875
2370,95.98046875
2371,113.4921875
2373,116.9609375
2374,97.71875
2376,111.5390625
2378,112.45703125
2382,96.1328125
2383,90.4296875
2386,105.90234375
2387,93.9375
2389,91.8984375
2390,114.47265625
2392,94.1484375
2398,113.4921875
2399,94.359375
2400,92.75
2401,112.34765625
2402,94.5234375
2404,91.84375
2407,115.640625
2408,108.21484375
2409,111.33203125
2412,84.89453125
2413,93.703125
2415,94.4765625
2420,110.34765625
2422,94.53515625
2423,106.41796875
2426,94.0
2432,95.1171875
2434,90.60546875
2435,91.8984375
2436,109.08984375
2438,110.94140625
2440,106.328125
2443,94.99609375
2444,91.125
2447,107.3359375
2450,95.9921875
2454,90.25
2455,111.17578125
2459,95.7265625
2460,111.05859375
2463,94.51171875
2465,92.5
2468,78.625
2469,91.70703125
2474,90.203125
2478,90.71875
2480,93.125
2481,115.6875
2489,95.7265625
2490,106.15625
2492,93.52734375
2496,95.7265625
2497,111.2265625
2500,94.265625
2505,95.7265625
2507,87.19921875
2508,113.22265625
2509,96.265625
2510,82.48828125
2513,91.03125
2515,95.7265625
2518,90.4296875
2519,111.90234375
2520,90.4296875
2521,112.09375
2523,110.7734375
2525,95.35546875
2529,111.83984375
2530,91.70703125
2533,117.80078125
2535,90.5703125
2538,104.3984375
2544,115.26953125
2553,110.37890625
2556,94.91015625
2558,92.96484375
2559,123.52734375
2560,93.9296875
2561,110.390625
2562,90.375
2563,109.7265625
2564,90.60546875
2565,113.4921875
2567,105.359375
2572,93.59375
2575,95.140625
2576,112.22265625
2577,87.74609375
2578,95.21875
2579,110.95703125
2580,90.703125
2582,117.66796875
2583,90.55859375
2587,95.140625
2589,110.640625
2590,94.296875
2591,111.83984375
2594,92.9609375
2597,97.484375
2598,104.64453125
2599,96.5625
2600,105.98046875
2602,109.421875
2603,93.59375
2604,103.59375
2606,109.60546875
2607,77.34765625
2608,92.75
2613,113.22265625
2614,90.52734375
2615,110.765625
2617,112.234375
2620,90.57421875
2623,111.171875
2624,91.0078125
2627,113.22265625
2629,77.34765625
2630,91.953125
2632,95.47265625
2636,90.3984375
2639,92.15234375
2640,105.9921875
2642,111.83984375
2644,104.64453125
2646,112.37109375
2647,90.640625
2649,95.859375
2650,112.37109375
2652,104.23046875
2653,105.046875
2655,115.265625
2657,113.4921875
2659,111.06640625
2662,90.4296875
2663,115.6875
2664,95.8671875
2665,105.97265625
2670,93.73046875
2671,105.9921875
2672,97.58203125
2675,104.23046875
2677,109.65625
2679,110.54296875
2683,110.17578125
2684,93.1328125
2685,93.4453125
2688,104.6875
2689,95.02734375
2690,103.1953125
2693,95.5078125
2694,109.72265625
2697,98.91015625
2699,95.80078125
2703,94.4609375
2705,101.80078125
2709,84.32421875
2710,92.44921875
2711,108.80859375
2712,94.109375
2713,98.04296875
2714,111.55078125
2715,87.5625
2717,91.03125
2718,113.09375
2720,111.87890625
2721,94.7421875
2726,95.53515625
2728,94.8359375
2731,106.41796875
2732,111.06640625
2734,94.94140625
2736,101.73828125
2737,95.65234375
2738,104.88671875
2739,112.53515625
2746,94.0
2749,105.01171875
2751,118.9765625
2752,105.80859375
2753,94.90234375
2757,106.15625
2758,96.75390625
2759,111.5859375
2760,94.4609375
2762,110.9921875
2764,94.90625
2765,107.8203125
2769,110.9296875
2771,114.00390625
2774,92.01953125
2776,90.9375
2777,117.80859375
2778,93.52734375
2779,111.015625
2782,90.296875
2784,91.1015625
2787,91.09765625
2789,95.00390625
2792,95.37890625
2798,97.3046875
2799,106.8359375
2800,94.80859375
2801,81.33203125
2802,93.2109375
2804,94.81640625
2807,107.3359375
2808,97.046875
2809,120.46484375
2811,116.140625
2812,96.32421875
2814,91.3125
2816,94.4296875
2817,110.66796875
2818,108.21484375
2820,108.328125
2821,70.80078125
2822,96.16015625
2823,102.90625
2824,94.3671875
2826,87.04296875
2829,90.90234375
2834,94.8359375
2835,77.796875
2838,97.63671875
2839,109.89453125
2840,90.8046875
2841,111.38671875
2842,95.7265625
2846,114.3125
2848,93.52734375
2849,88.93359375
2850,111.55078125
2851,95.21875
2853,94.375
2854,111.83984375
2858,115.93359375
2861,89.2734375
2864,93.52734375
2865,115.6875
2866,110.640625
2867,90.703125
2868,109.9765625
2870,112.765625
2877,94.5234375
2878,113.22265625
2880,111.5390625
2882,78.66015625
2883,96.1953125
2884,102.30078125
2885,94.9296875
2887,95.7265625
2888,114.0
2889,96.125
2890,104.64453125
2891,-9358961626480.934
2892,117.0390625
2893,96.05078125
2898,113.140625
2899,93.91015625
2900,112.44140625
2901,96.82421875
2909,95.73046875
2910,110.3828125
2911,109.55078125
2913,111.13671875
2914,102.61328125
2918,92.75
2919,108.77734375
2920,91.734375
2921,113.22265625
2922,97.1796875
2923,105.5390625
2925,114.23828125
2926,90.703125
2927,111.83984375
2929,111.31640625
2933,95.04296875
2934,111.43359375
2936,111.171875
2941,99.8046875
2942,92.57421875
2943,110.9609375
2945,106.703125
2950,91.13671875
2951,111.265625
2953,117.92578125
2954,94.71875
2955,108.21875
2956,97.21484375
2960,97.91796875
2962,96.80859375
2963,108.03125
2964,104.23046875
2966,78.46484375
2967,93.015625
2968,111.9453125
2969,91.03125
2971,91.16796875
2972,95.73046875
2974,93.41015625
2975,111.53515625
2977,118.9765625
2980,111.4296875
2981,92.45703125
2983,95.6171875
2984,104.62890625
2985,118.6640625
2986,104.53125
2987,95.73046875
2989,95.140625
2990,112.109375
2991,90.6171875
2992,76.015625
2995,98.91015625
2996,106.2890625
3002,119.25
3004,111.06640625
3005,118.6640625
3006,96.48828125
3010,95.8515625
3011,106.92578125
3014,90.703125
3015,91.20703125
3016,95.125
3017,115.421875
3018,88.89453125
3021,105.57421875
3024,104.64453125
3028,93.96875
3030,93.52734375
3032,93.5546875
3039,96.265625
3040,106.546875
3041,95.22265625
3043,92.3125
3044,110.06640625
3046,110.43359375
3055,91.84765625
3056,110.98828125
3058,90.7734375
3059,109.33203125
3061,117.0390625
3063,104.5390625
3066,90.8671875
3067,104.64453125
3068,78.18359375
3069,94.7421875
3072,116.140625
3073,113.5703125
3074,91.7578125
3077,91.33984375
3082,94.71875
3084,98.91015625
3085,113.67578125
3088,104.64453125
3091,91.515625
3092,110.3125
3093,95.39453125
3094,106.41796875
3096,110.43359375
3097,90.60546875
3098,78.66015625
3102,116.140625
3106,91.671875
3109,93.0390625
3111,88.734375
3112,118.6640625
3113,94.7421875
3115,92.75
3116,110.890625
3117,93.55078125
3121,111.28125
3122,92.74609375
3123,94.265625
3124,104.96875
3125,95.125
3126,105.95703125
3127,117.0390625
3129,93.6015625
3130,112.7265625
3132,105.00390625
3134,105.95703125
3135,95.07421875
3137,80.17578125
3138,92.9609375
3140,-62021269751910.22
3144,111.46875
3145,94.015625
3146,110.765625
3147,94.828125
3148,104.93359375
3149,106.34375
3150,110.921875
3151,94.1328125
3152,-7105795664567.855
3155,97.0625
3156,111.55078125
3159,91.375
3161,93.99609375
3162,110.72265625
3163,96.51171875
3165,104.32421875
3172,90.57421875
3173,109.97265625
3176,94.4765625
3177,103.5859375
3179,111.53515625
3183,87.65625
3186,94.265625
3187,109.5703125
3189,110.421875
3190,96.12890625
3192,117.0390625
3193,90.57421875
3194,109.4921875
3197,95.21875
3198,95.75390625
3200,93.6796875
3201,116.6328125
3202,95.75390625
3204,95.7265625
3205,91.0625
3206,113.140625
3208,106.87109375
3210,105.60546875
3211,88.25
3212,117.0390625
3213,95.640625
3214,109.31640625
3216,104.64453125
3219,90.875
3220,111.34375
3221,94.7421875
3226,113.4140625
3227,96.78125
3228,109.85546875
3229,95.66796875
3232,78.625
3233,95.25
3234,94.44921875
3236,96.10546875
3238,111.83984375
3239,110.8203125
3240,88.5703125
3247,108.4609375
3249,102.953125
3252,114.328125
3253,96.796875
3254,105.6640625
3255,92.72265625
3256,119.90234375
3257,96.0859375
3262,95.9375
3263,104.23046875
3264,97.21484375
3266,111.99609375
3267,94.62890625
3269,141864619028.0664
3272,118.6640625
3274,95.21875
3275,110.42578125
3277,94.71875
3279,98.4609375
3280,104.1796875
3283,96.91796875
3285,95.7265625
3287,87.796875
3288,104.64453125
3290,102.265625
3291,95.1875
3298,111.80078125
3299,96.51953125
3302,110.6328125
3303,94.38671875
3304,104.37109375
3307,93.96875
3309,91.54296875
3314,78.18359375
3316,114.13671875
3317,95.66015625
3319,92.96875
3320,110.87109375
3321,95.80078125
3322,109.53515625
3324,90.1875
3326,94.82421875
3329,110.40234375
3330,90.60546875
3331,110.859375
3335,117.0390625
3337,95.046875
3338,106.83203125
3339,94.95703125
3340,110.484375
3341,94.00390625
3343,90.3125
3346,89.6640625
3348,95.703125
3351,104.64453125
3352,118.6640625
3355,91.78515625
3356,112.82421875
3358,99.421875
3359,94.328125
3360,107.21875
3371,114.19140625
3372,94.4609375
3374,96.171875
3377,110.02734375
3378,89.5703125
3380,102.8515625
3382,94.08984375
3386,95.75390625
3389,111.8203125
3391,106.2890625
3393,94.2109375
3394,108.875
3395,94.59375
3397,113.22265625
3398,94.546875
3399,78.37890625
3400,95.828125
3404,103.04296875
3407,110.41015625
3409,107.3125
3419,94.71875
3421,94.40625
3425,96.11328125
3427,79.07421875
3428,118.6640625
3429,110.546875
3431,85.91015625
3435,95.98046875
3436,111.53515625
3439,93.46484375
3441,90.8125
3442,118.6640625
3443,95.9375
3444,105.82421875
3445,93.59375
3446,111.55078125
3449,93.52734375
3453,93.6875
3457,91.0546875
3460,104.64453125
3461,93.828125
3462,92.08203125
3464,104.5390625
3465,78.18359375
3466,94.421875
3467,104.140625
3468,95.7109375
3469,106.9375
3470,105.171875
3472,111.83984375
3473,90.24609375
3475,90.02734375
3476,113.36328125
3478,104.3359375
3479,95.609375
3483,94.828125
3484,102.08203125
3485,94.19921875
3487,91.87109375
3488,112.203125
3496,110.06640625
3497,95.66796875
3499,96.06640625
3500,78.31640625
3501,95.140625
3504,97.89453125
3508,105.72265625
3511,91.0078125
3512,112.421875
3515,92.25
3517,93.59375
3518,107.39453125
3526,111.078125
3528,130.4375
3529,90.1796875
3530,110.05859375
3531,93.13671875
3532,116.078125
3533,97.1796875
3534,94.7421875
3535,78.18359375
3536,91.64453125
3537,110.265625
3538,94.015625
3539,108.44921875
3540,105.4765625
3545,110.296875
3546,91.3125
3550,106.93359375
3551,93.7890625
3553,96.34375
3554,104.64453125
3557,95.1875
3558,111.828125
3559,93.52734375
3561,95.328125
3562,113.22265625
3563,93.9609375
3564,104.64453125
3565,93.59375
3567,91.30859375
3571,104.64453125
3572,96.421875
3574,92.69921875
3576,95.73828125
3577,111.796875
3578,95.421875
3579,95.73828125
3583,93.81640625
3585,92.3125
3586,108.0078125
3587,110.25390625
3593,94.69140625
3594,117.3359375
3595,96.265625
3599,95.9921875
3600,104.984375
3601,111.83984375
3602,93.52734375
3604,94.59375
3609,116.6328125
3610,109.75390625
3612,110.4140625
3614,114.01953125
3615,97.46484375
3617,98.4609375
3618,108.4296875
3619,110.57421875
3620,111.546875
3621,96.18359375
3625,96.08984375
3626,103.76171875
3630,105.01171875
3631,91.953125
3632,103.4921875
3633,97.89453125
3634,110.484375
3637,95.671875
3639,90.5703125
3640,112.97265625
3641,90.96875
3644,112.82421875
3645,96.64453125
3646,94.62890625
3647,90.703125
3648,113.22265625
3653,112.2890625
3654,92.75
3655,113.1171875
3659,105.95703125
3660,97.48046875
3662,111.38671875
3666,91.5
3668,97.18359375
3671,90.57421875
3673,91.921875
3674,112.8046875
3675,95.91796875
3681,90.8984375
3682,112.0390625
3686,109.31640625
3687,89.765625
3692,73.37109375
3695,111.890625
3696,95.87109375
3699,113.78125
3705,113.01171875
3707,78.625
3708,94.4140625
3709,112.0078125
3710,95.94921875
3712,88.6484375
3715,111.5390625
3716,95.72265625
3720,111.9453125
3722,78.625
3726,95.453125
3728,89.71484375
3729,113.9140625
3731,104.88671875
3735,114.0
3736,92.0390625
3739,104.04296875
3741,110.0625
3743,104.36328125
3744,95.140625
3745,113.9140625
3746,94.31640625
3751,94.94140625
3753,94.77734375
3760,110.11328125
3761,96.76171875
3762,111.46484375
3763,92.828125
3765,95.06640625
3768,112.27734375
3769,96.20703125
3770,111.140625
3773,112.13671875
3774,97.21484375
3776,96.8125
3778,91.93359375
3779,110.43359375
3780,94.03125
3781,110.80078125
3782,90.9140625
3783,111.83984375
3784,94.24609375
3786,95.453125
3789,107.97265625
3790,96.546875
3793,113.08203125
3795,111.5390625
3797,97.67578125
3798,118.6640625
3800,111.53515625
3804,97.21484375
3810,100.4296875
3815,111.5390625
3816,97.21484375
3818,103.6328125
3824,111.83984375
3828,102.328125
3830,108.05078125
3831,93.76953125
3832,77.34765625
3834,111.8203125
3835,91.640625
3836,107.10546875
3838,95.7265625
3839,117.0390625
3840,111.34765625
3845,94.58203125
3846,111.06640625
3847,93.59375
3849,77.06640625
3853,111.109375
3855,105.72265625
3856,94.98046875
3864,81.34765625
3865,96.265625
3866,110.25390625
3867,93.2421875
3868,111.53515625
3869,96.5625
3871,90.79296875
3875,105.89453125
3876,91.95703125
3878,95.54296875
3879,111.12890625
3881,111.53515625
3883,107.76953125
3884,92.25
3886,111.2421875
3890,-13394968714907.793
3893,-50181682962686.66
3897,104.53515625
3901,93.55859375
3902,110.42578125
3913,111.640625
3914,91.671875
3916,92.40234375
3917,111.41796875
3924,107.0234375
3925,96.015625
3928,98.16796875
3929,110.890625
3932,94.125
3933,104.64453125
3934,77.5859375
3935,93.52734375
3936,95.21875
3937,111.06640625
3938,89.59375
3939,107.10546875
3943,88.421875
3944,111.83984375
3945,111.0390625
3946,95.125
3947,111.96875
3948,91.8984375
3949,111.83984375
3950,94.80859375
3951,109.84765625
3952,92.08203125
3953,111.53125
3961,115.6875
3962,92.828125
3966,94.7421875
3967,105.68359375
3968,97.86328125
3969,111.41015625
3970,96.06640625
3971,106.15625
3973,90.33203125
3974,111.83984375
3975,111.453125
3977,95.49609375
3979,110.6484375
3985,96.23828125
3986,103.53125
3988,107.10546875
3991,95.65234375
3992,105.328125
3993,96.38671875
3994,92.75
3995,112.65234375
4005,111.375
4007,95.73828125
4008,106.43359375
4009,91.875
4010,-50181682962690.69
4011,80.97265625
4012,94.83203125
4013,107.0234375
4015,112.47265625
4016,111.5859375
4018,111.53515625
4025,95.21875
4026,111.55078125
4028,114.7578125
4029,97.21484375
4031,92.26171875
4032,111.60546875
4033,88.41796875
4034,103.046875
4037,96.953125
4038,106.13671875
4039,94.55078125
4041,96.3125
4042,110.015625
4043,95.6171875
4044,104.64453125
4045,92.90625
4046,112.2109375
4047,99.58984375
4048,104.89453125
4049,94.2109375
4051,94.65234375
4052,113.22265625
4058,104.64453125
4062,109.9765625
4064,109.58203125
4067,95.73828125
4068,78.31640625
4070,93.3359375
4072,116.5078125
4074,110.78515625
4075,90.40625
4076,109.8203125
4077,94.00390625
4078,111.64453125
4080,104.64453125
4082,113.26953125
4085,93.59375
4086,112.26953125
4088,111.55078125
4089,91.71484375
4092,78.18359375
4094,95.0390625
4095,110.23046875
4096,94.046875
4097,104.67578125
4102,94.109375
4105,110.16796875
4107,110.58203125
4111,97.92578125
4112,105.40234375
4113,95.828125
4114,122.12109375
4115,94.546875
4116,112.24609375
4117,95.98046875
4118,96.5625
4119,109.78515625
4120,111.1015625
4122,84.64453125
4125,93.453125
4126,111.609375
4129,111.5390625
4134,111.27734375
4137,88.953125
4141,103.7109375
4142,97.88671875
4144,95.7265625
4145,107.0234375
4146,95.99609375
4150,94.48828125
4151,76.17578125
4154,95.73828125
4156,97.83203125
4157,112.1796875
4159,111.5859375
4160,96.68359375
4161,110.43359375
4168,95.80078125
4171,103.5546875
4172,106.421875
4173,97.21484375
4175,91.40625
4176,104.64453125
4177,95.7265625
4178,101.75
4179,95.15625
4181,109.13671875
4183,97.21484375
4184,111.45703125
4185,90.72265625
4186,112.359375
4188,118.0390625
4190,112.26953125
4192,91.5
4193,-50181682962686.66
4194,111.83984375
4195,92.6484375
4196,77.34765625
4202,97.21484375
4203,111.5703125
4208,96.65234375
4209,116.0234375
4210,96.2578125
4211,110.58984375
4212,118.6640625
4214,104.3359375
4215,94.828125
4216,110.10546875
4217,92.796875
4219,96.765625
4222,111.06640625
4224,80.47265625
4231,103.8984375
4232,97.21484375
4234,94.9453125
4236,95.7265625
4237,104.64453125
4240,92.1328125
4242,103.94140625
4243,95.484375
4247,93.453125
4248,110.71484375
4249,92.60546875
4254,105.51171875
4263,92.5234375
4265,111.08203125
4267,112.21484375
4268,110.984375
4271,110.3671875
4272,95.75390625
4273,109.59375
4274,92.76953125
4276,94.52734375
4278,95.125
4280,96.5078125
4281,111.26171875
4283,94.140625
4284,110.12890625
4285,96.515625
4286,111.37109375
4287,90.62109375
4288,113.24609375
4289,93.640625
4290,85.37890625
4293,90.46875
4296,110.11328125
4297,93.890625
4299,95.85546875
4303,-8038742613433.082
4310,95.73046875
4312,103.3515625
4318,104.64453125
4320,111.8671875
4322,95.828125
4323,116.0546875
4325,102.59375
4326,111.8828125
4328,106.1015625
4330,103.7109375
4332,108.49609375
4333,91.3203125
4335,95.05078125
4336,111.99609375
4338,107.3359375
4341,95.71875
4342,107.3671875
4344,104.64453125
4347,95.9609375
4348,104.64453125
4351,113.23046875
4352,96.20703125
4353,111.5546875
4355,107.90234375
4356,93.59375
4359,106.92578125
4360,95.6171875
4361,97.140625
4364,92.75
4365,106.546875
4368,95.07421875
4372,95.421875
4374,88.46484375
4376,95.359375
4377,105.28125
4380,94.859375
4383,103.4453125
4384,95.125
4385,106.41015625
4389,94.296875
4391,96.88671875
4392,111.2421875
4393,91.8515625
4395,91.140625
4396,113.22265625
4398,115.83984375
4399,1398263757378.871
4401,93.2578125
4406,95.12109375
4408,103.75390625
4412,104.64453125
4415,94.6484375
4418,112.5546875
4419,88.46484375
4420,78.18359375
4422,111.83984375
4423,88.46484375
4425,95.0546875
4428,108.359375
4431,111.76953125
4434,97.63671875
4436,96.7890625
4437,109.19140625
4439,117.0390625
4440,93.7421875
4441,110.6640625
4444,97.86328125
4445,104.3359375
4446,93.9609375
4447,111.85546875
4452,106.18359375
4456,110.75
4457,93.59375
4458,114.5234375
4460,93.59375
4461,117.0390625
4462,93.9296875
4465,109.7265625
4466,107.921875
4468,95.59375
4469,107.59375
4472,109.19921875
4475,93.375
4478,91.98046875
4479,109.53515625
4480,90.8046875
4483,77.2109375
4484,94.34765625
4485,103.03125
4486,96.06640625
4488,95.671875
4489,108.78125
4490,95.8125
4491,105.56640625
4492,96.171875
4493,114.6953125
4494,95.98046875
4495,106.4921875
4498,80.17578125
4499,98.19140625
4500,105.92578125
4503,111.96484375
4505,109.7265625
4506,93.59765625
4507,96.625
4508,104.64453125
4510,112.3203125
4511,92.828125
4513,96.06640625
4516,78.46484375
4519,93.890625
4521,94.17578125
4531,94.25390625
4532,78.91015625
4533,101.58203125
4534,111.16015625
4536,104.64453125
4537,93.59375
4539,97.70703125
4542,106.38671875
4545,92.36328125
4549,92.40234375
4551,94.98828125
4554,102.71875
4556,113.28125
4559,111.38671875
4561,110.68359375
4562,106.703125
4566,111.69921875
4569,95.1875
4570,113.22265625
4573,94.7421875
4574,106.5078125
4575,92.80859375
4577,94.0859375
4578,111.06640625
4580,107.078125
4582,95.32421875
4583,111.83984375
4585,95.01953125
4587,104.64453125
4595,91.84375
4596,112.69921875
4601,94.87109375
4602,110.828125
4603,95.421875
4605,114.78125
4606,90.4921875
4607,109.58203125
4608,94.9296875
4610,98.16796875
4613,105.12109375
4617,88.59375
4618,111.06640625
4619,91.5
4620,96.0546875
4622,93.37890625
4625,93.59375
4626,104.64453125
4627,94.953125
4629,89.55078125
4631,91.609375
4633,104.64453125
4634,117.00390625
4635,93.34375
4639,94.66015625
4640,109.3359375
4642,102.30078125
4644,112.25
4646,104.64453125
4647,97.828125
4648,81.52734375
4649,95.1875
4650,107.71484375
4655,92.40234375
4660,94.33984375
4661,108.36328125
4662,91.296875
4663,110.98046875
4665,96.08984375
4666,110.28125
4667,102.86328125
4668,96.171875
4670,91.24609375
4671,113.46484375
4672,94.2734375
4673,102.67578125
4675,102.55078125
4676,94.5
4677,106.53125
4680,96.1015625
4682,94.3984375
4683,116.16796875
4685,104.64453125
4686,94.859375
4688,111.83984375
4690,109.4453125
4692,111.5859375
4693,91.921875
4697,92.40234375
4700,106.7421875
4702,106.703125
4707,117.0390625
4708,93.59375
4710,82.78125
4716,99.25
4717,96.1953125
4718,94.73046875
4720,96.5078125
4721,81.37109375
4723,93.5546875
4726,111.3828125
4727,92.203125
4729,93.34375
4731,94.4921875
4732,114.96484375
4735,93.80859375
4736,104.1171875
4737,95.421875
4738,110.9609375
4739,111.06640625
4744,103.5546875
4747,95.98046875
4749,110.75390625
4750,93.59375
4752,111.83984375
4755,97.86328125
4756,106.09375
4757,112.0703125
4758,95.09375
4759,103.81640625
4763,96.1953125
4764,103.09375
4765,93.55859375
4766,94.09375
4767,111.109375
4769,110.41015625
4770,89.2890625
4771,73.8203125
4772,104.64453125
4774,111.83984375
4776,114.68359375
4777,109.140625
4778,94.96875
4780,97.34765625
4784,96.28515625
4786,95.07421875
4787,78.31640625
4788,95.22265625
4789,111.83984375
4791,107.359375
4792,95.22265625
4795,110.05859375
4796,90.54296875
4803,90.796875
4805,95.96875
4807,92.1171875
4809,91.859375
4816,94.1875
4817,88.38671875
4818,93.109375
4820,93.765625
4821,104.85546875
4823,112.6640625
4824,94.5859375
4825,109.62109375
4829,105.359375
4830,97.21484375
4831,113.921875
4833,107.6796875
4836,93.453125
4837,111.83984375
4838,88.93359375
4840,95.6796875
4841,77.52734375
4842,89.3359375
4843,110.66015625
4844,90.33984375
4849,115.265625
4851,103.94140625
4852,-7332332624511.395
4858,89.58203125
4860,97.21484375
4863,111.33984375
4864,94.93359375
4865,110.484375
4867,109.3203125
4868,94.88671875
4869,110.953125
4873,88.46484375
4875,97.7578125
4876,110.43359375
4877,86.03125
4878,111.06640625
4880,78.31640625
4886,113.94921875
4888,102.9609375
4889,96.15625
4890,114.875
4893,96.1171875
4895,93.15234375
4896,106.36328125
4899,96.2578125
4901,92.81640625
4902,108.9765625
4903,92.87890625
4904,111.83984375
4910,90.6015625
4912,91.4296875
4915,95.4140625
4916,106.93359375
4917,95.1484375
4920,104.64453125
4927,102.30078125
4928,94.0
4931,102.86328125
4934,91.7734375
4936,94.8515625
4939,-8038742613433.082
4942,114.15625
4943,97.21484375
4944,104.25
4945,93.375
4947,110.03515625
4948,91.1484375
4951,94.7421875
4952,111.83984375
4953,93.640625
4956,92.87890625
4957,108.484375
4958,90.45703125
4960,94.8671875
4968,93.90234375
4969,105.00390625
4971,105.27734375
4973,113.22265625
4975,112.82421875
4976,96.09375
4978,90.796875
4979,110.59765625
4982,96.50390625
4983,110.58984375
4984,1398263757371.9102
4985,117.0390625
4986,92.37109375
4987,115.6875
4988,97.86328125
4994,94.7109375
4995,97.21484375
5002,76.1328125
5004,93.91796875
5005,105.84765625
5006,95.7265625
5007,105.80859375
5009,110.8984375
5011,113.22265625
5014,94.71875
5015,106.43359375
5018,91.9765625
5019,110.27734375
5020,91.0234375
5021,110.18359375
5022,95.5
5023,94.5859375
5025,97.21484375
5032,94.8515625
5034,91.5703125
5036,91.171875
5038,96.87109375
5039,112.421875
5046,95.625
5049,110.27734375
5051,94.19140625
5052,90.703125
5053,111.83984375
5054,97.21484375
5055,95.80078125
5057,93.59375
5059,90.421875
5062,99.7421875
5063,111.77734375
5065,111.30078125
5069,94.18359375
5071,96.06640625
5074,116.4765625
5075,90.703125
5076,113.0078125
5077,78.31640625
5079,105.94921875
5080,94.59765625
5081,113.22265625
5083,106.68359375
5088,105.9609375
5089,94.75390625
5093,110.48046875
5094,103.9296875
5095,95.62890625
5099,109.61328125
5101,110.25390625
5103,105.01171875
5104,90.66015625
5105,110.17578125
5107,92.40234375
5108,112.890625
5109,92.921875
5111,93.2578125
5112,111.06640625
5113,95.96875
5114,109.19921875
5115,96.68359375
5118,99.109375
5122,97.21484375
5123,77.06640625
5125,94.734375
5127,106.01953125
5128,94.92578125
5129,111.328125
5132,95.7265625
5134,111.640625
5135,94.4609375
5137,113.00390625
5142,95.45703125
5143,105.2421875
5144,95.0
5148,91.078125
5149,94.24609375
5150,107.0234375
5154,78.18359375
5155,89.140625
5159,91.6796875
5164,95.5625
5165,111.27734375
5166,93.203125
5167,115.2421875
5169,89.41015625
5171,91.421875
5172,111.8828125
5176,92.8203125
5184,112.05078125
5185,92.7734375
5186,110.62890625
5188,107.3359375
5189,110.43359375
5190,92.18359375
5191,111.27734375
5193,111.5390625
5196,94.47265625
5199,72.9453125
5200,103.5546875
5203,88.93359375
5204,110.42578125
5205,92.4140625
5207,94.296875
5208,107.22265625
5212,95.81640625
5214,141864619025.4414
5218,92.04296875
5220,95.953125
5222,92.62109375
5224,96.26171875
5225,104.64453125
5227,108.9453125
5229,106.11328125
5232,92.828125
5233,116.6328125
5234,100.44140625
5237,113.22265625
5239,116.9453125
5240,94.55859375
5241,110.27734375
5244,91.8046875
5248,110.09375
5251,91.328125
5253,93.74609375
5255,97.0859375
5256,103.97265625
5257,1434404541634.168
5259,96.58984375
5260,111.6484375
5266,95.50390625
5268,93.16015625
5275,113.22265625
5276,111.98046875
5277,95.03515625
5279,94.6484375
5280,105.89453125
5281,94.59375
5283,100.2734375
5284,78.625
5285,97.21484375
5286,105.93359375
5287,92.40625
5289,93.453125
5290,111.5390625
5292,107.68359375
5293,94.59765625
5294,105.40234375
5297,91.59375
5299,106.359375
5302,90.2890625
5305,73.4140625
5306,96.8984375
5308,95.140625
5309,92.4296875
5310,112.27734375
5312,110.87890625
5316,113.07421875
5317,98.83984375
5319,78.18359375
5320,97.21484375
5323,94.99609375
5329,111.53125
5331,111.06640625
5334,110.65234375
5336,111.2578125
5338,105.92578125
5341,95.6875
5345,96.7421875
5348,93.16015625
5349,111.05859375
5355,104.2734375
5356,95.375
5360,107.34765625
5362,112.47265625
5364,111.5859375
5366,104.3359375
5367,95.56640625
5368,94.4375
5370,96.63671875
5371,78.31640625
5373,106.875
5375,113.22265625
5376,88.93359375
5378,111.5859375
5379,95.20703125
5383,94.52734375
5384,105.5390625
5389,110.87890625
5391,77.18359375
5393,109.72265625
5395,113.05859375
5397,108.83984375
5398,93.171875
5399,108.7578125
5401,117.5703125
5402,89.65625
5403,110.32421875
5404,95.8203125
5407,77.34765625
5408,96.65234375
5413,112.83984375
5414,92.98046875
5417,95.80078125
5418,107.68359375
5420,112.40234375
5421,92.76171875
5424,96.56640625
5425,110.42578125
5426,90.6953125
5429,112.6875
5431,93.55078125
5437,104.38671875
5440,88.65625
5444,105.12109375
5446,105.30859375
5447,93.125
5451,94.9296875
5452,-76651598749200.75
5455,100.44140625
5456,95.640625
5458,89.78125
5459,111.69921875
5460,96.8125
5462,94.953125
5463,110.09375
5464,90.765625
5465,109.26953125
5466,96.06640625
5467,103.36328125
5468,89.91015625
5469,110.98046875
5472,95.046875
5474,87.24609375
5475,110.3828125
5476,97.21484375
5479,106.11328125
5480,113.22265625
5482,109.13671875
5485,93.71484375
5486,118.6640625
5488,78.76953125
5495,106.11328125
5496,95.20703125
5497,110.06640625
5499,112.20703125
5503,91.7578125
5504,93.9296875
5507,97.21484375
5509,92.8984375
5511,91.92578125
5512,112.89453125
5516,113.22265625
5517,97.75
5518,103.9296875
5521,95.7421875
5522,107.12109375
5527,96.06640625
5528,94.7109375
5529,110.43359375
5532,96.35546875
5533,109.484375
5535,106.5625
5536,104.07421875
5540,96.27734375
5547,93.828125
5548,110.05859375
5550,78.66015625
5551,94.06640625
5554,109.15234375
5555,95.35546875
5559,109.66015625
5560,96.62109375
5561,110.57421875
5562,88.93359375
5563,111.29296875
5565,79.74609375
5566,94.46875
5567,102.26953125
5568,90.21875
5572,95.265625
5574,95.4296875
5576,92.95703125
5579,110.140625
5580,73.22265625
5581,93.6328125
5583,93.015625
5584,112.546875
5586,113.6640625
5587,95.44140625
5589,104.04296875
5591,104.85546875
5592,92.12109375
5593,111.203125
5594,94.59765625
5595,83.1171875
5596,111.83984375
5597,111.0078125
5598,117.0390625
5599,93.375
5602,110.05859375
5603,94.59765625
5605,92.96875
5607,95.0390625
5608,110.3828125
5609,91.515625
5610,94.546875
5612,95.45703125
5613,110.43359375
5614,95.04296875
5616,94.1953125
5621,95.828125
5623,95.984375
5628,115.6875
5629,95.640625
5631,95.18359375
5633,120.92578125
5638,103.9765625
5639,94.125
5640,107.375
5645,95.12890625
5646,78.05859375
5649,89.8671875
5653,110.39453125
5655,110.08984375
5656,94.234375
5658,95.3671875
5662,118.6640625
5663,92.984375
5667,93.9609375
5670,93.375
5671,104.04296875
5672,94.875
5673,106.81640625
5674,94.52734375
5675,106.14453125
5676,95.7265625
5679,111.83984375
5683,108.89453125
5687,94.59765625
5688,78.18359375
5690,92.453125
5691,111.265625
5692,92.87890625
5693,113.16796875
5694,95.51953125
5697,110.765625
5698,94.24609375
5699,111.83984375
5704,94.5234375
5707,111.83984375
5709,105.33984375
5710,95.23046875
5714,94.8359375
5718,94.0
5721,94.8515625
5723,95.25390625
5724,111.30078125
5725,93.59375
5726,111.50390625
5729,97.21484375
5730,104.2421875
5731,94.5234375
5733,77.49609375
5736,95.078125
5741,103.97265625
5745,110.27734375
5747,93.55078125
5748,105.921875
5750,111.59375
5751,93.93359375
5752,95.42578125
5754,94.06640625
5755,93.546875
5757,93.06640625
5758,118.9765625
5760,108.16015625
5762,105.51171875
5766,110.08984375
5768,97.21484375
5769,116.6328125
5770,94.95703125
5771,110.62890625
5772,93.04296875
5773,115.4921875
5774,95.328125
5776,93.046875
5777,111.83984375
5778,91.55859375
5780,112.421875
5782,93.84375
5783,74.73046875
5784,97.21484375
5786,95.87890625
5788,95.80078125
5789,111.5546875
5790,93.375
5791,106.11328125
5793,98.56640625
5794,93.765625
5796,117.0390625
5797,94.15625
5801,94.390625
5803,94.59765625
5804,111.34375
5805,95.45703125
5806,78.18359375
5808,110.05859375
5813,94.5234375
5815,96.88671875
5816,105.15625
5822,94.46875
5823,113.22265625
5825,103.12890625
5827,108.890625
5829,104.04296875
5830,94.14453125
5831,110.46484375
5832,94.37890625
5833,110.05859375
5837,115.6875
5838,95.15625
5839,96.79296875
5842,107.375
5844,109.796875
5845,105.31640625
5846,-8038742613440.824
5848,77.52734375
5850,110.6796875
5851,94.83203125
5853,97.21484375
5854,104.1171875
5858,107.375
5860,110.171875
5864,105.40625
5866,96.63671875
5867,111.83984375
5868,91.578125
5869,110.01171875
5870,94.05078125
5871,112.81640625
5874,111.27734375
5876,111.96484375
5877,93.171875
5878,94.94140625
5879,110.27734375
5880,89.62109375
5884,91.65234375
5886,110.42578125
5890,100.73828125
5896,5165476179659.93
5897,105.35546875
5898,97.21484375
5901,108.16015625
5903,111.83984375
5906,94.546875
5908,113.22265625
5909,94.109375
5910,110.43359375
5911,94.5234375
5912,111.5859375
5914,111.27734375
5919,113.22265625
5924,96.8984375
5926,95.0390625
5929,102.6875
5930,95.55078125
5932,95.96875
5933,113.07421875
5934,92.37109375
5935,107.9765625
5936,92.203125
5937,111.44140625
5938,93.6171875
5939,109.91015625
5942,108.421875
5943,94.98046875
5944,103.65234375
5946,111.83984375
5951,92.87890625
5953,106.62109375
5954,94.5234375
5957,103.9296875
5961,95.6875
5962,107.0234375
5964,80.73828125
5965,95.06640625
5968,111.27734375
5969,88.43359375
5974,94.546875
5975,109.1015625
5978,77.52734375
5981,103.9296875
5982,95.33203125
5983,110.18359375
5989,110.4296875
5991,94.41796875
5992,106.45703125
5995,97.24609375
5996,105.01171875
5997,109.11328125
5998,92.5078125
5999,76.046875
6001,108.99609375
6002,92.60546875
6003,109.9375
6004,94.5234375
6006,111.5859375
6007,88.68359375
6011,97.80078125
6012,107.09765625
6014,94.5234375
6015,104.6640625
6016,94.78125
6017,108.86328125
6018,97.21484375
6024,95.7265625
6025,106.609375
6026,111.30078125
6028,112.390625
6029,77.37890625
6030,93.07421875
6036,111.27734375
6040,95.45703125
6041,111.3828125
6042,92.7109375
6044,94.95703125
6045,106.11328125
6047,107.12109375
6048,92.10546875
6049,116.66796875
6051,117.0390625
6052,115.09375
6053,92.828125
6054,111.515625
6058,103.7421875
6059,91.2109375
6062,97.21484375
6063,117.0390625
6064,103.515625
6065,95.45703125
6067,93.65625
6068,112.3203125
6070,107.10546875
6071,103.69921875
6072,110.42578125
6080,110.42578125
6081,97.21875
6084,107.0234375
6087,93.546875
6089,105.5078125
6092,110.42578125
6094,94.546875
6095,111.83984375
6097,113.01171875
6100,92.9765625
6104,108.7890625
6105,93.5
6106,116.734375
6107,78.3984375
6108,87.71875
6109,110.42578125
6110,91.7578125
6114,110.42578125
6116,91.91015625
6117,106.45703125
6118,96.125
6123,77.34765625
6125,111.83984375
6128,-50181682962686.66
6130,105.2578125
6132,113.05078125
6137,77.18359375
6139,113.07421875
6140,95.8203125
6141,113.01171875
6142,105.75390625
6144,123.54296875
6145,97.671875
6146,90.328125
6149,92.046875
6156,97.1171875
6159,111.30078125
6160,95.8203125
6162,103.61328125
6164,107.859375
6165,90.98828125
6168,77.18359375
6169,110.05859375
6170,94.046875
6171,110.7734375
6172,89.8515625
6173,115.84375
6176,97.21484375
6177,88.390625
6178,94.63671875
6180,95.09375
6181,105.89453125
6182,96.51171875
6185,93.328125
6186,109.1484375
6188,110.87890625
6189,94.4375
6192,107.0234375
6193,95.10546875
6194,106.11328125
6195,95.4921875
6196,116.140625
6197,93.546875
6201,110.484375
6202,94.546875
6203,111.8671875
6204,94.1875
6207,118.5390625
6209,96.12890625
6210,87.19921875
6211,112.06640625
6213,110.90234375
6216,89.8515625
6217,94.1640625
6219,95.45703125
6222,78.31640625
6223,93.25
6235,97.21484375
6240,95.69140625
6242,95.46484375
6247,94.52734375
6251,112.68359375
6254,112.609375
6255,96.35546875
6260,103.80078125
6261,94.5234375
6262,104.22265625
6264,109.3828125
6269,107.71875
6271,104.5546875
6275,108.61328125
6276,94.8671875
6278,96.375
6279,110.27734375
6281,112.9375
6284,94.89453125
6286,95.875
6287,74.80078125
6288,94.7421875
6292,92.359375
6293,93.6875
6295,86.203125
6298,111.5859375
6300,108.26953125
6304,105.89453125
6308,111.5859375
6310,96.05078125
6312,110.42578125
6320,94.5234375
6324,93.2421875
6325,110.76953125
6330,95.07421875
6336,110.00390625
6340,103.3046875
6341,97.21484375
6342,107.65625
6344,92.44921875
6345,111.09375
6347,110.05859375
6348,98.38671875
6349,111.5859375
6351,78.31640625
6353,112.984375
6354,93.09375
6357,98.6796875
6358,107.40625
6360,104.30078125
6363,115.6875
6364,92.828125
6368,111.30078125
6370,91.84375
6371,93.828125
6377,96.06640625
6379,93.6328125
6381,94.7734375
6382,78.18359375
6383,110.05859375
6388,113.296875
6390,109.64453125
6392,104.04296875
6393,94.4453125
6395,96.671875
6398,104.62109375
6401,78.18359375
6402,94.5859375
6403,110.43359375
6405,93.25390625
6406,93.29296875
6407,111.83984375
6409,107.12109375
6411,88.7734375
6413,95.109375
6416,104.22265625
6417,91.31640625
6418,92.86328125
6419,118.6640625
6420,109.14453125
6426,110.734375
6429,93.66015625
6430,95.35546875
6431,110.43359375
6432,96.12890625
6434,95.2421875
6437,110.08984375
6438,97.1875
6439,103.234375
6440,94.734375
6441,96.62890625
6442,110.42578125
6443,98.05078125
6445,93.55078125
6448,113.22265625
6450,110.36328125
6453,95.15625
6455,93.640625
6457,94.546875
6458,111.5546875
6461,95.51953125
6464,110.7578125
6467,93.48828125
6469,96.06640625
6470,78.14453125
6471,95.8203125
6473,102.953125
6474,94.13671875
6479,95.80078125
6481,91.03125
6484,112.55859375
6495,101.16015625
6496,111.88671875
6505,108.53515625
6506,100.078125
6508,97.21484375
6509,94.2421875
6510,106.11328125
6512,103.9296875
6513,94.5234375
6514,114.625
6515,95.51953125
6519,94.53515625
6521,94.22265625
6523,78.66015625
6525,107.375
6526,95.75
6528,95.8125
6529,112.67578125
6531,102.828125
6533,107.0234375
6534,95.796875
6535,111.83984375
6536,93.18359375
6537,111.5
6540,92.76171875
6541,110.05859375
6547,95.75
6548,109.00390625
6551,110.69921875
6553,108.56640625
6555,107.0234375
6556,97.21484375
6561,77.49609375
6564,91.35546875
6565,111.83984375
6568,93.55078125
6569,110.42578125
6573,109.00390625
6574,95.51953125
6577,110.92578125
6579,115.6875
6581,88.43359375
6582,110.43359375
6585,105.7109375
6586,96.23046875
6589,107.42578125
6590,78.66015625
6593,87.21484375
6594,109.859375
6595,91.40234375
6599,90.25390625
6600,97.12890625
6601,111.23046875
6602,92.828125
6603,113.22265625
6604,94.046875
6607,103.89453125
6608,107.171875
6609,94.953125
6611,90.125
6613,110.42578125
6614,91.78125
6616,93.453125
6617,110.42578125
6618,94.5234375
6619,104.13671875
6621,107.0234375
6627,107.890625
6629,110.01953125
6631,77.52734375
6634,97.125
6636,94.5234375
6638,93.55078125
6639,110.42578125
6641,113.22265625
6642,94.33984375
6651,114.75
6654,80.97265625
6657,96.56640625
6663,89.26171875
6665,107.97265625
6666,92.25390625
6668,94.5234375
6669,107.0234375
6670,95.78515625
6671,17075616988317.123
6673,94.5234375
6675,92.4453125
6676,78.31640625
6677,94.7421875
6679,94.5234375
6680,112.12890625
6681,106.11328125
6685,106.11328125
6688,95.2890625
6689,91.08984375
6690,109.6875
6692,110.42578125
6693,95.78125
6694,94.296875
6698,118.5390625
6699,95.45703125
6700,109.53515625
6701,94.546875
6702,110.55859375
6704,91.08984375
6707,108.56640625
6712,113.22265625
6713,98.08203125
6715,93.80859375
6721,108.53125
6722,95.45703125
6723,112.1015625
6724,94.97265625
6725,118.6640625
6731,112.1015625
6735,-54778162694122.83
6736,93.80859375
6737,109.05859375
6738,97.37109375
6739,107.66796875
6741,106.13671875
6743,92.81640625
6745,94.5234375
6747,111.4921875
6749,93.734375
6750,104.5859375
6751,118.9765625
6752,96.8203125
6753,110.42578125
6755,117.3203125
6756,94.8359375
6757,102.58203125
6759,111.26171875
6761,93.62890625
6763,95.8203125
6764,116.6328125
6765,93.04296875
6766,111.46484375
6768,111.5859375
6771,91.08984375
6773,97.9921875
6774,94.125
6778,106.1796875
6779,101.30078125
6781,88.76953125
6784,92.74609375
6786,92.01171875
6787,109.4140625
6790,90.265625
6793,106.66796875
6795,110.42578125
6798,112.1640625
6806,108.16015625
6807,94.9296875
6810,94.18359375
6815,112.47265625
6816,91.59375
6817,106.73046875
6818,93.375
6819,107.12109375
6820,94.875
6822,90.96484375
6823,117.0390625
6824,110.05859375
6825,91.46875
6828,74.91015625
6829,113.37890625
6831,108.11328125
6832,92.203125
6833,108.55859375
6834,95.8203125
6836,95.13671875
6837,113.22265625
6838,93.56640625
6840,107.453125
6843,93.13671875
6845,92.828125
6846,93.09375
6847,108.55859375
6851,110.37109375
6852,95.2734375
6853,111.08203125
6858,97.3359375
6861,111.2578125
6863,111.23046875
6864,77.34765625
6865,94.38671875
6866,113.22265625
6867,95.07421875
6868,106.546875
6869,5165476179659.93
6870,110.05859375
6874,112.47265625
6875,96.87109375
6877,111.5859375
6878,90.8203125
6880,93.828125
6883,109.375
6884,93.65625
6886,96.890625
6890,94.2265625
6893,109.61328125
6894,91.7578125
6899,111.5859375
6900,91.671875
6904,97.29296875
6905,112.453125
6906,89.85546875
6910,90.05859375
6912,105.5390625
6913,113.5078125
6920,93.7734375
6922,91.6796875
6923,110.42578125
6926,93.55078125
6927,108.98828125
6928,89.7265625
6931,114.1328125
6933,93.93359375
6936,87.390625
6937,113.22265625
6939,108.3046875
6941,92.81640625
6942,108.87109375
6943,90.734375
6944,105.2890625
6945,95.59375
6946,108.4375
6947,117.0390625
6949,104.64453125
6951,104.36328125
6953,110.80859375
6954,94.546875
6955,107.42578125
6963,109.0078125
6964,95.33984375
6966,94.953125
6968,92.8125
6970,105.89453125
6972,111.484375
6976,111.8046875
6978,113.22265625
6981,101.484375
6985,103.2734375
6986,95.203125
6987,110.41015625
6989,109.9921875
6991,117.0390625
6993,113.46875
6994,94.7109375
6995,111.5859375
6996,98.21875
6997,111.27734375
6998,77.72265625
7001,109.0078125
7003,111.2109375
7006,94.125
7008,106.1953125
7010,92.828125
7011,93.0625
7012,109.9921875
7013,98.66015625
7014,111.390625
7017,109.83203125
7018,94.5234375
7019,92.515625
7023,96.8125
7024,105.76171875
7025,93.640625
7026,112.3203125
7027,92.56640625
7028,117.625
7030,110.42578125
7031,90.9609375
7033,117.20703125
7036,94.18359375
7037,95.6171875
7039,93.74609375
7044,93.80078125
7045,113.22265625
7046,97.87109375
7049,104.53515625
7050,100.74609375
7051,105.89453125
7054,109.32421875
7055,93.07421875
7057,91.9765625
7060,111.5859375
7061,97.21484375
7063,88.76953125
7064,108.765625
7067,93.828125
7071,93.59375
7074,102.453125
7075,93.296875
7078,113.22265625
7079,91.08984375
7080,111.65234375
7081,94.72265625
7082,111.83984375
7083,91.24609375
7085,113.0078125
7092,105.92578125
7094,95.5625
7100,91.13671875
7101,110.3828125
7102,113.22265625
7104,107.8203125
7105,97.21484375
7106,93.4296875
7107,104.13671875
7108,78.18359375
7109,92.51953125
7110,113.22265625
7112,92.9296875
7113,106.11328125
7114,94.44921875
7116,111.83984375
7117,97.21484375
7118,106.08984375
7120,94.953125
7121,105.65625
7123,106.83203125
7124,98.18359375
7127,114.23046875
7131,106.57421875
7132,93.375
7133,92.828125
7134,111.34765625
7135,89.37109375
7136,111.48828125
7137,92.7734375
7141,92.9296875
7144,107.12109375
7147,110.55859375
7148,93.859375
7150,90.9609375
7151,94.953125
7152,105.49609375
7154,-13394968714906.465
7156,96.88671875
7157,107.02734375
7159,117.0390625
7161,96.06640625
7163,94.55078125
7164,103.63671875
7167,78.31640625
7169,106.375
7170,96.03515625
7173,96.20703125
7174,107.9609375
7177,111.15234375
7178,-712414981597.3359
7179,95.73828125
7180,78.67578125
7181,110.27734375
7182,94.76953125
7184,94.5234375
7185,111.27734375
7186,89.6171875
7187,116.140625
7188,93.453125
7189,113.5390625
7191,102.453125
7193,109.0078125
7197,97.0546875
7199,92.65625
7200,111.83984375
7201,89.37109375
7204,91.859375
7207,107.546875
7209,111.23046875
7210,94.97265625
7211,104.171875
7213,94.62109375
7214,111.27734375
7216,110.08984375
7217,96.0859375
7220,111.5859375
7224,110.42578125
7225,96.203125
7226,110.08984375
7227,92.796875
7234,111.27734375
7236,-54778162694132.7
7239,106.18359375
7240,93.9609375
7242,115.6875
7244,111.5546875
7245,92.7265625
7247,110.76171875
7248,90.6015625
7249,117.0390625
7250,109.52734375
7251,94.56640625
7252,112.75
7253,77.34765625
7256,94.84765625
7260,95.8203125
7261,112.97265625
7264,99.75390625
7269,111.30078125
7270,94.50390625
7273,111.5859375
7279,87.5546875
7281,110.27734375
7284,97.29296875
7285,111.375
7286,117.0390625
7287,90.234375
7289,94.5234375
7292,94.640625
7293,113.22265625
7296,90.91796875
7297,109.26953125
7298,94.55859375
7299,113.43359375
7301,105.01171875
7304,112.4296875
7306,117.82421875
7308,94.5234375
7309,105.359375
7312,94.015625
7313,77.34765625
7314,95.203125
7316,90.6484375
7319,117.3203125
7321,93.546875
7323,96.3828125
7324,106.68359375
7325,94.734375
7328,103.3125
7330,78.31640625
7334,95.109375
7337,111.27734375
7338,96.03125
7339,89.5234375
7341,90.1171875
7342,110.08984375
7344,111.84765625
7345,111.046875
7347,109.0078125
7349,110.27734375
7350,95.33984375
7353,109.8203125
7355,111.01953125
7356,91.5859375
7357,111.8828125
7358,95.51171875
7360,94.19921875
7363,105.55859375
7364,95.7265625
7366,92.4140625
7368,94.125
7369,109.86328125
7370,93.859375
7373,97.05078125
7374,109.69921875
7375,95.75
7377,95.421875
7379,90.22265625
7380,116.6328125
7382,111.95703125
7383,96.80078125
7385,96.375
7386,104.4921875
7391,95.77734375
7394,106.140625
7396,109.52734375
7397,91.0
7399,95.140625
7400,105.265625
7403,77.34765625
7405,111.25
7408,112.55078125
7414,111.23046875
7416,103.25
7417,95.515625
7419,93.99609375
7420,105.25390625
7421,95.19140625
7422,95.7265625
7423,104.18359375
7425,78.66015625
7430,97.0703125
7432,93.55078125
7433,94.7578125
7434,110.37890625
7436,108.20703125
7437,93.140625
7438,106.26953125
7440,104.96875
7441,94.15234375
7442,111.921875
7445,111.3984375
7446,103.3125
7448,110.55859375
7450,100.91796875
7451,94.5234375
7454,114.82421875
7455,89.53515625
7457,109.6171875
7459,103.3125
7462,91.671875
7464,94.5234375
7465,107.97265625
7466,91.12109375
7467,106.265625
7469,112.0859375
7472,94.7109375
7473,110.42578125
7479,95.109375
7480,104.64453125
7484,108.81640625
7491,94.41796875
7494,103.86328125
7495,95.75
7501,89.99609375
7503,93.67578125
7504,106.11328125
7505,94.046875
7508,111.0390625
7509,92.40234375
7510,77.34765625
7511,111.30078125
7515,94.9921875
7516,108.734375
7517,93.7421875
7518,107.7578125
7519,94.41796875
7521,97.33203125
7522,102.453125
7524,104.0625
7526,104.09375
7527,93.6171875
7528,105.86328125
7529,95.8125
7534,110.6484375
7537,112.28125
7538,93.2421875
7540,94.71484375
7541,112.79296875
7545,110.05859375
7551,113.5078125
7553,94.8515625
7554,104.94921875
7555,94.1171875
7561,110.1640625
7562,93.07421875
7564,93.57421875
7565,106.15625
7566,94.953125
7567,108.03125
7569,104.32421875
7570,97.13671875
7571,114.75
7572,86.65625
7574,102.58984375
7578,109.8203125
7579,94.05078125
7586,95.51953125
7587,95.09765625
7590,95.35546875
7593,110.42578125
7594,93.43359375
7595,94.953125
7600,94.0
7601,80.41015625
7602,94.546875
7603,107.765625
7604,94.06640625
7606,94.5859375
7608,113.5078125
7613,77.34765625
7615,110.3984375
7616,109.32421875
7617,118.31640625
7618,93.6171875
7619,105.89453125
7622,96.09765625
7623,105.62109375
7624,94.6796875
7625,106.7578125
7626,94.8515625
7627,105.20703125
7628,73.62890625
7631,105.07421875
7632,106.11328125
7633,95.828125
7634,115.66015625
7635,92.7109375
7636,111.27734375
7637,111.27734375
7639,94.03125
7640,78.31640625
7644,111.83984375
7645,94.546875
7648,107.52734375
7649,92.7421875
7650,110.05859375
7652,107.97265625
7653,91.734375
7655,91.46875
7659,109.37890625
7662,99.66796875
7664,92.81640625
7666,96.58984375
7668,95.41796875
7669,107.96484375
7670,96.9296875
7672,93.1796875
7673,109.67578125
7678,92.35546875
7679,74.63671875
7680,107.0234375
7683,93.13671875
7685,117.0390625
7688,94.5234375
7690,109.32421875
7692,94.41796875
7693,97.68359375
7695,111.27734375
7696,95.75
7698,96.84375
7699,109.08984375
7702,90.1484375
7703,110.08984375
7704,90.9296875
7707,111.30078125
7713,76.55859375
7715,104.37109375
7717,109.828125
7718,98.3203125
7719,107.2578125
7721,115.359375
7722,95.07421875
7725,102.23046875
7727,101.47265625
7730,74.265625
7733,90.44921875
7735,104.43359375
7740,110.08984375
7741,111.90625
7742,91.7578125
7744,113.078125
7747,95.5625
7750,78.66015625
7752,111.12890625
7754,112.23828125
7756,110.66796875
7757,96.3828125
7758,105.69140625
7760,107.0234375
7761,95.140625
7763,122.3671875
7765,95.109375
7767,111.27734375
7768,96.265625
7771,97.28125
7773,92.13671875
7774,115.4453125
7776,104.640625
7779,94.52734375
7783,90.4921875
7786,109.0859375
7787,94.80859375
7789,92.78515625
7791,95.8125
7793,95.6875
7794,110.07421875
7795,90.21484375
7799,77.34765625
7800,17075616988335.139
7802,-4016560560523.16
7805,111.1796875
7807,105.91796875
7808,97.33203125
7811,104.64453125
7817,109.32421875
7818,106.11328125
7819,94.5234375
7822,94.34765625
7823,111.59375
7825,109.33984375
7828,92.59765625
7832,95.8203125
7833,78.46484375
7834,111.53515625
7835,94.3125
7837,95.44140625
7840,91.2109375
7842,93.28515625
7843,109.10546875
7844,95.29296875
7846,95.140625
7850,98.06640625
7853,113.22265625
7855,113.5078125
7858,94.09765625
7863,108.56640625
7865,113.22265625
7866,88.54296875
7868,94.21484375
7869,109.1640625
7871,78.31640625
7872,104.20703125
7874,105.88671875
7877,111.0390625
7878,94.546875
7879,108.03125
7881,92.1171875
7883,95.95703125
7885,104.07421875
7886,94.8515625
7889,98.18359375
7890,109.2421875
7891,96.12890625
7893,95.875
7894,100.6171875
7896,110.05859375
7898,105.01171875
7901,93.98828125
7902,109.0078125
7904,108.36328125
7905,97.140625
7906,117.69140625
7909,94.5234375
7910,106.31640625
7913,92.875
7918,112.11328125
7919,89.37109375
7923,89.26953125
7925,95.140625
7927,92.1015625
7930,95.0390625
7932,94.65625
7933,92.83984375
7935,96.88671875
7939,108.15625
7942,88.90625
7943,109.10546875
7945,103.3125
7946,94.125
7948,95.46875
7949,110.42578125
7950,90.2890625
7951,111.27734375
7955,103.32421875
7959,95.7265625
7960,110.08984375
7961,94.48828125
7962,100.86328125
7964,103.17578125
7965,94.72265625
7966,111.83984375
7967,104.71484375
7968,94.76171875
7971,102.3359375
7974,89.37109375
7976,108.9453125
7978,111.046875
7982,110.08984375
7983,94.5234375
7984,107.12109375
7986,94.8515625
7989,110.42578125
7991,109.0078125
7992,112.62109375
7993,85.58203125
7994,113.22265625
7995,95.8203125
7997,95.36328125
7998,107.12109375
7999,109.32421875
8002,94.78515625
8007,94.953125
8009,91.8125
8011,93.6171875
8013,97.10546875
8015,104.65625
8017,113.0703125
8019,117.0390625
8023,92.97265625
8024,110.08984375
8026,110.69921875
8027,93.640625
8029,94.55078125
8030,112.984375
8031,92.0234375
8033,89.69921875
8035,93.484375
8036,101.4921875
8039,103.0546875
8042,92.828125
8044,90.953125
8046,74.50390625
8048,112.44140625
8049,97.140625
8050,105.984375
8053,89.66015625
8054,94.546875
8059,93.5
8061,95.46875
8062,110.5390625
8064,111.5859375
8066,107.90625
8067,94.7109375
8068,95.9921875
8070,95.64453125
8071,111.83984375
8072,93.80078125
8076,94.72265625
8080,90.87109375
8081,113.97265625
8084,98.43359375
8087,113.58203125
8089,90.79296875
8090,116.6328125
8091,104.64453125
8094,112.63671875
8100,90.55078125
8101,95.11328125
8110,95.2578125
8111,109.0078125
8112,93.3359375
8115,109.14453125
8116,96.5234375
8118,111.5859375
8121,118.6640625
8125,109.1484375
8127,111.3046875
8128,93.6640625
8129,109.0078125
8131,-5535575354195.457
8138,93.6171875
8139,106.93359375
8140,93.5
8141,92.13671875
8142,111.890625
8143,109.7734375
8145,110.69921875
8146,93.97265625
8148,111.23046875
8153,110.6015625
8154,89.90234375
8155,117.78515625
8161,95.9375
8162,109.57421875
8163,92.40234375
8166,109.4921875
8168,112.5703125
8170,93.36328125
8172,109.0078125
8173,89.37109375
8176,107.4140625
8179,90.125
8181,94.953125
8182,115.2890625
8184,111.328125
8190,107.0234375
8191,95.20703125
8194,113.23828125
8196,113.359375
8198,110.0234375
8199,113.22265625
8201,110.76171875
8202,94.03125
8207,94.72265625
8208,109.0078125
8211,111.0078125
8214,107.61328125
8217,90.125
8218,111.8359375
8222,94.75
8229,107.68359375
8231,94.9296875
8233,98.18359375
8236,94.52734375
8238,111.27734375
8240,105.10546875
8243,99.4609375
8246,108.55859375
8250,92.609375
8254,95.07421875
8256,78.31640625
8257,111.8515625
8258,90.0546875
8260,94.5234375
8261,112.13671875
8263,115.6875
8264,90.9921875
8267,109.14453125
8268,90.234375
8271,93.046875
8272,109.0078125
8275,95.44140625
8276,94.84765625
8277,107.7734375
8278,117.0390625
8279,94.28515625
8280,110.22265625
8281,94.8515625
8282,110.3984375
8287,110.51953125
8288,89.37109375
8289,110.93359375
8294,92.6171875
8296,92.13671875
8299,111.73828125
8302,107.12109375
8308,113.796875
8314,101.61328125
8315,94.01171875
8316,109.31640625
8317,94.0
8319,111.8203125
8320,92.58984375
8321,118.6640625
8323,93.67578125
8325,97.15625
8326,110.078125
8328,109.0078125
8330,17075616988336.162
8331,94.546875
8332,114.76171875
8334,93.9921875
8338,92.40234375
8339,95.078125
8341,91.32421875
8345,111.83984375
8346,94.953125
8347,100.58203125
8349,96.8125
8351,95.9375
8352,111.921875
8353,109.0078125
8355,111.3359375
8358,109.32421875
8359,17075616988336.162
8360,93.46875
8361,114.33984375
8363,101.48046875
8364,95.73828125
8365,96.1953125
8366,106.11328125
8370,106.4140625
8372,95.875
8376,96.3828125
8377,7386942974226.301
8379,110.2421875
8380,90.51171875
8381,110.3359375
8386,89.5703125
8388,104.41796875
8389,98.375
8391,109.23046875
8394,95.07421875
8396,101.3359375
8398,105.51953125
8400,112.51953125
8401,91.9296875
8404,91.32421875
8407,95.7265625
8408,110.05859375
8409,107.890625
8410,103.1015625
8411,97.44140625
8413,91.90625
8414,111.546875
8416,94.34765625
